<?xml version="1.0" encoding="UTF-8"?>
<configuration scan="true" scanPeriod="30 seconds">
    <appender name="STDOUT" class="ch.qos.logback.core.ConsoleAppender">
        <encoder class="ch.qos.logback.core.encoder.LayoutWrappingEncoder">
            <layout class="ch.qos.logback.contrib.json.classic.JsonLayout">
                <timestampFormat>yyyy-MM-dd'T'HH:mm:ss.SSSZ</timestampFormat>
                <jsonFormatter class="ch.qos.logback.contrib.jackson.JacksonJsonFormatter">
                    <prettyPrint>false</prettyPrint>
                </jsonFormatter>
                <appendLineSeparator>true</appendLineSeparator>
            </layout>
        </encoder>
    </appender>
    <appender name="ASYNC" class="ch.qos.logback.classic.AsyncAppender">
        <appender-ref ref="STDOUT"/>
        <queueSize>500</queueSize>
    </appender>
    <root level="WARN">
        <appender-ref ref="ASYNC"/>
    </root>
    <logger name="br.com.votorantim.atle.base.poc.remote.partitioning" level="INFO"/>
    <logger name="votorantim.arqt.AUDIT" level="INFO"/>
    <logger name="org.springframework" level="INFO"/>
</configuration>