<?xml version="1.0" encoding="UTF-8"?>
<configuration scan="true" scanPeriod="5 seconds">
    <!--
    We prefer logging to console instead of a File. Its very easy
    to pipe console output to a file and most organizations already
    have a log rotation setup in place. It can also be faster to use this
    approach vs using a FileAppender directly
    -->
    <appender name="STDOUT" class="ch.qos.logback.core.ConsoleAppender">
        <encoder class="ch.qos.logback.classic.encoder.PatternLayoutEncoder">
            <pattern>%black(%d{ISO8601}) %highlight(%-5level) [%blue(%t)] %yellow(%logger{36}): %msg%n%throwable</pattern>
        </encoder>
    </appender>
    <!--
    Async appenders can drastically speed up logging as well as your application's
    response time but with some potential drawbacks. Read more at.
    https://logback.qos.ch/manual/appenders.html#AsyncAppender
    http://blog.takipi.com/how-to-instantly-improve-your-java-logging-with-7-logback-tweaks/

    Always be sure to test different configurations for yourself. Every
    application has different requirements.
     -->
    <appender name="ASYNC" class="ch.qos.logback.classic.AsyncAppender">
        <appender-ref ref="STDOUT"/>
        <queueSize>500</queueSize>
    </appender>

    <!--
    We prefer a default setting of WARN and turn on logging explicitly for
    any packages we care about. INFO is also a good choice. Going lower than INFO
    may log sensitive data such as passwords or api tokens via HTTP or networking
    libraries. Remember these defaults impact third party libraries as well.

    Often times the cost of logging is overlooked. Try a simple benchmark of
    logging in a tight loop a few million iterations vs not logging and see the difference.
    There are a few ways you can change logging levels on the fly in a running app.
    This could be a better solution than over logging.
    -->
    <root level="WARN">
        <appender-ref ref="STDOUT"/>
    </root>

    <logger name="br.com.votorantim.atle.base.refe.camunda" level="INFO"/>
    <logger name="votorantim.arqt.AUDIT" level="INFO"/>
    <logger name="org.springframework" level="INFO"/>
</configuration>